Counts,GestreIdentifier,Channel 1,Channel 2,Channel 3,Channel 4,Channel 5,Channel 6,Channel 7,Channel 8
26482,0,708.0,628.0,0.0,3592.0,3136.0,13504.0,13528.0,2232.0
26483,0,716.0,620.0,0.0,3572.0,3108.0,13532.0,13516.0,2240.0
26484,0,768.0,660.0,0.0,3584.0,3128.0,13524.0,13524.0,2200.0
26485,0,732.0,640.0,0.0,3584.0,3132.0,13496.0,13520.0,2208.0
26486,0,748.0,644.0,0.0,3556.0,3124.0,13524.0,13504.0,2216.0
26487,0,736.0,660.0,0.0,3592.0,3152.0,13500.0,13528.0,2208.0
26488,0,716.0,648.0,0.0,3580.0,3128.0,13516.0,13492.0,2224.0
26489,0,732.0,648.0,0.0,3568.0,3124.0,13516.0,13500.0,2228.0
26490,0,728.0,648.0,0.0,3576.0,3148.0,13520.0,13508.0,2196.0
26491,0,724.0,656.0,0.0,3572.0,3136.0,13520.0,13528.0,2204.0
26492,0,736.0,640.0,0.0,3588.0,3132.0,13504.0,13508.0,2208.0
26493,0,716.0,668.0,0.0,3576.0,3140.0,13528.0,13516.0,2200.0
26494,0,752.0,636.0,0.0,3584.0,3148.0,13516.0,13532.0,2204.0
26495,0,728.0,640.0,0.0,3568.0,3108.0,13520.0,13544.0,2192.0
26496,0,744.0,636.0,0.0,3576.0,3132.0,13528.0,13508.0,2188.0
26497,0,740.0,648.0,0.0,3588.0,3136.0,13520.0,13508.0,2192.0
26498,0,740.0,628.0,0.0,3564.0,3100.0,13524.0,13552.0,2220.0
26499,0,728.0,652.0,0.0,3560.0,3100.0,13552.0,13508.0,2212.0
26500,0,736.0,648.0,0.0,3568.0,3108.0,13484.0,13516.0,2196.0
26501,0,732.0,656.0,0.0,3584.0,3116.0,13504.0,13524.0,2208.0
26502,0,744.0,636.0,0.0,3564.0,3140.0,13540.0,13496.0,2204.0
26503,0,728.0,656.0,0.0,3568.0,3112.0,13500.0,13516.0,2196.0
26504,0,716.0,664.0,0.0,3588.0,3100.0,13500.0,13512.0,2192.0
26505,0,752.0,644.0,0.0,3564.0,3116.0,13516.0,13524.0,2192.0
26506,0,732.0,644.0,0.0,3556.0,3124.0,13500.0,13520.0,2192.0
26507,0,740.0,648.0,0.0,3572.0,3120.0,13496.0,13552.0,2192.0
26508,0,712.0,648.0,0.0,3568.0,3116.0,13524.0,13500.0,2208.0
26509,0,724.0,636.0,0.0,3572.0,3132.0,13524.0,13536.0,2188.0
26510,0,736.0,648.0,0.0,3580.0,3116.0,13500.0,13536.0,2172.0
26511,0,716.0,652.0,0.0,3564.0,3120.0,13528.0,13552.0,2188.0
26512,0,736.0,668.0,0.0,3576.0,3124.0,13568.0,13532.0,2208.0
26513,0,724.0,656.0,0.0,3564.0,3124.0,13500.0,13528.0,2208.0
26514,0,744.0,660.0,0.0,3532.0,3100.0,13520.0,13536.0,2200.0
26515,0,716.0,668.0,0.0,3568.0,3120.0,13536.0,13516.0,2192.0
26516,0,716.0,652.0,0.0,3584.0,3140.0,13504.0,13536.0,2192.0
26517,0,736.0,656.0,0.0,3572.0,3100.0,13520.0,13516.0,2196.0
26518,0,740.0,660.0,0.0,3600.0,3100.0,13516.0,13504.0,2192.0
26519,0,732.0,672.0,0.0,3564.0,3116.0,13536.0,13520.0,2192.0
26520,0,716.0,636.0,0.0,3592.0,3124.0,13536.0,13540.0,2224.0
26521,0,764.0,636.0,0.0,3572.0,3120.0,13516.0,13524.0,2224.0
26522,0,748.0,632.0,0.0,3568.0,3104.0,13508.0,13492.0,2200.0
26523,0,744.0,660.0,0.0,3584.0,3100.0,13508.0,13500.0,2204.0
26524,0,728.0,652.0,0.0,3572.0,3152.0,13516.0,13500.0,2224.0
26525,0,740.0,672.0,0.0,3576.0,3140.0,13540.0,13536.0,2192.0
26526,0,716.0,648.0,0.0,3580.0,3132.0,13516.0,13520.0,2188.0
26527,0,724.0,656.0,0.0,3576.0,3128.0,13484.0,13500.0,2196.0
26528,0,740.0,636.0,0.0,3548.0,3108.0,13496.0,13500.0,2204.0
26529,0,728.0,648.0,0.0,3572.0,3116.0,13536.0,13524.0,2196.0
26530,0,724.0,680.0,0.0,3548.0,3136.0,13500.0,13520.0,2200.0
26531,0,744.0,644.0,0.0,3572.0,3136.0,13504.0,13512.0,2212.0
26532,0,724.0,648.0,0.0,3580.0,3124.0,13520.0,13540.0,2208.0
26533,0,736.0,628.0,0.0,3576.0,3116.0,13528.0,13508.0,2196.0
26534,0,708.0,672.0,0.0,3580.0,3152.0,13516.0,13516.0,2204.0
26535,0,724.0,664.0,0.0,3576.0,3136.0,13532.0,13544.0,2204.0
26536,0,736.0,664.0,0.0,3588.0,3136.0,13520.0,13516.0,2216.0
26537,0,724.0,640.0,0.0,3568.0,3108.0,13508.0,13504.0,2188.0
26538,0,708.0,636.0,0.0,3584.0,3132.0,13520.0,13512.0,2204.0
26539,0,756.0,628.0,0.0,3584.0,3128.0,13512.0,13552.0,2212.0
26540,0,724.0,648.0,0.0,3576.0,3116.0,13516.0,13500.0,2224.0
26541,0,744.0,644.0,0.0,3592.0,3124.0,13500.0,13536.0,2220.0
26542,0,704.0,680.0,0.0,3576.0,3132.0,13524.0,13532.0,2200.0
26543,0,736.0,656.0,0.0,3568.0,3132.0,13536.0,13540.0,2224.0
26544,0,716.0,644.0,0.0,3580.0,3128.0,13540.0,13536.0,2216.0
26545,0,732.0,644.0,0.0,3560.0,3116.0,13536.0,13516.0,2212.0
26546,0,728.0,648.0,0.0,3572.0,3128.0,13516.0,13532.0,2204.0
26547,0,716.0,648.0,0.0,3568.0,3128.0,13512.0,13524.0,2208.0
26548,0,720.0,640.0,0.0,3568.0,3128.0,13512.0,13500.0,2188.0
26549,0,732.0,672.0,0.0,3548.0,3136.0,13516.0,13500.0,2228.0
26550,0,732.0,672.0,0.0,3588.0,3136.0,13520.0,13528.0,2188.0
26551,0,716.0,644.0,0.0,3564.0,3124.0,13532.0,13500.0,2208.0
26552,0,724.0,672.0,0.0,3576.0,3132.0,13508.0,13468.0,2188.0
26553,0,700.0,648.0,0.0,3580.0,3136.0,13508.0,13488.0,2204.0
26554,0,744.0,660.0,0.0,3548.0,3136.0,13544.0,13532.0,2196.0
26555,0,744.0,664.0,0.0,3568.0,3136.0,13500.0,13536.0,2188.0
26556,0,700.0,636.0,0.0,3568.0,3112.0,13492.0,13508.0,2208.0
26557,0,712.0,636.0,0.0,3564.0,3112.0,13512.0,13536.0,2208.0
26558,0,736.0,644.0,0.0,3564.0,3112.0,13520.0,13508.0,2208.0
26559,0,724.0,628.0,0.0,3576.0,3132.0,13540.0,13520.0,2216.0
26560,0,728.0,648.0,0.0,3564.0,3136.0,13536.0,13536.0,2208.0
26561,0,752.0,656.0,0.0,3580.0,3120.0,13516.0,13524.0,2212.0
26562,0,736.0,636.0,0.0,3576.0,3132.0,13520.0,13568.0,2208.0
26563,0,736.0,652.0,0.0,3580.0,3136.0,13544.0,13516.0,2216.0
26564,0,716.0,660.0,0.0,3600.0,3136.0,13520.0,13516.0,2220.0
26565,0,732.0,676.0,0.0,3572.0,3132.0,13504.0,13500.0,2200.0
26566,0,716.0,636.0,0.0,3588.0,3136.0,13500.0,13512.0,2188.0
26567,0,744.0,632.0,0.0,3568.0,3120.0,13520.0,13516.0,2200.0
26568,0,752.0,656.0,0.0,3572.0,3120.0,13520.0,13520.0,2204.0
26569,0,740.0,648.0,0.0,3584.0,3124.0,13500.0,13520.0,2224.0
26570,0,740.0,636.0,0.0,3560.0,3136.0,13536.0,13484.0,2196.0
26571,0,700.0,640.0,0.0,3572.0,3144.0,13508.0,13524.0,2208.0
26572,0,720.0,656.0,0.0,3588.0,3152.0,13508.0,13520.0,2240.0
26573,0,728.0,648.0,0.0,3560.0,3132.0,13468.0,13508.0,2220.0
26574,0,744.0,652.0,0.0,3576.0,3116.0,13520.0,13504.0,2200.0
26575,0,716.0,656.0,0.0,3588.0,3100.0,13500.0,13500.0,2184.0
26576,0,744.0,636.0,0.0,3556.0,3116.0,13496.0,13484.0,2208.0
26577,0,740.0,656.0,0.0,3568.0,3128.0,13516.0,13536.0,2200.0
26578,0,728.0,660.0,0.0,3548.0,3104.0,13528.0,13504.0,2204.0
26579,0,700.0,652.0,0.0,3564.0,3148.0,13496.0,13500.0,2224.0
26580,0,744.0,636.0,0.0,3592.0,3136.0,13520.0,13536.0,2196.0
26581,0,732.0,660.0,0.0,3580.0,3136.0,13500.0,13500.0,2208.0
26582,0,716.0,656.0,0.0,3576.0,3140.0,13528.0,13508.0,2216.0
26583,0,740.0,636.0,0.0,3576.0,3124.0,13508.0,13516.0,2224.0
26584,0,736.0,664.0,0.0,3576.0,3128.0,13500.0,13532.0,2208.0
26585,0,736.0,660.0,0.0,3564.0,3136.0,13508.0,13524.0,2196.0
26586,0,744.0,652.0,0.0,3564.0,3136.0,13512.0,13512.0,2184.0
26587,0,732.0,644.0,0.0,3600.0,3100.0,13488.0,13520.0,2208.0
26588,0,724.0,648.0,0.0,3576.0,3100.0,13508.0,13500.0,2200.0
26589,0,724.0,648.0,0.0,3580.0,3128.0,13516.0,13516.0,2224.0
26590,0,736.0,624.0,0.0,3580.0,3136.0,13520.0,13536.0,2184.0
26591,0,736.0,676.0,0.0,3592.0,3144.0,13524.0,13532.0,2224.0
26592,0,716.0,652.0,0.0,3584.0,3140.0,13484.0,13500.0,2212.0
26593,0,736.0,664.0,0.0,3564.0,3116.0,13504.0,13520.0,2212.0
26594,0,744.0,660.0,0.0,3544.0,3140.0,13536.0,13536.0,2220.0
26595,0,724.0,656.0,0.0,3568.0,3140.0,13500.0,13536.0,2200.0
26596,0,720.0,636.0,0.0,3584.0,3120.0,13504.0,13516.0,2204.0
26597,0,728.0,672.0,0.0,3564.0,3128.0,13536.0,13512.0,2192.0
26598,0,728.0,680.0,0.0,3572.0,3128.0,13520.0,13500.0,2208.0
26599,0,716.0,656.0,0.0,3584.0,3132.0,13536.0,13504.0,2228.0
26600,0,744.0,640.0,0.0,3564.0,3120.0,13532.0,13516.0,2208.0
26601,0,736.0,652.0,0.0,3552.0,3132.0,13516.0,13508.0,2196.0
26602,0,736.0,644.0,0.0,3580.0,3148.0,13492.0,13536.0,2204.0
26603,0,732.0,656.0,0.0,3576.0,3128.0,13532.0,13520.0,2196.0
26604,0,732.0,652.0,0.0,3588.0,3120.0,13512.0,13520.0,2204.0
26605,0,736.0,660.0,0.0,3580.0,3128.0,13512.0,13528.0,2224.0
26606,0,740.0,644.0,0.0,3556.0,3136.0,13524.0,13496.0,2216.0
26607,0,744.0,660.0,0.0,3564.0,3108.0,13516.0,13536.0,2212.0
26608,0,728.0,644.0,0.0,3548.0,3116.0,13528.0,13500.0,2200.0
26609,0,716.0,664.0,0.0,3584.0,3132.0,13516.0,13504.0,2196.0
26610,0,732.0,652.0,0.0,3584.0,3124.0,13524.0,13528.0,2200.0
26611,0,744.0,660.0,0.0,3584.0,3108.0,13536.0,13528.0,2208.0
26612,0,744.0,672.0,0.0,3572.0,3128.0,13528.0,13528.0,2172.0
26613,0,764.0,644.0,0.0,3568.0,3100.0,13524.0,13536.0,2212.0
26614,0,732.0,652.0,0.0,3572.0,3136.0,13496.0,13496.0,2200.0
26615,0,716.0,652.0,0.0,3596.0,3116.0,13500.0,13524.0,2224.0
26616,0,704.0,672.0,0.0,3592.0,3136.0,13508.0,13520.0,2204.0
26617,0,724.0,664.0,0.0,3572.0,3148.0,13500.0,13536.0,2196.0
26618,0,728.0,640.0,0.0,3572.0,3124.0,13516.0,13500.0,2172.0
26619,0,736.0,660.0,0.0,3580.0,3136.0,13552.0,13528.0,2188.0
26620,0,736.0,660.0,0.0,3568.0,3108.0,13512.0,13528.0,2204.0
26621,0,736.0,652.0,0.0,3580.0,3128.0,13532.0,13500.0,2204.0
26622,0,744.0,644.0,0.0,3564.0,3112.0,13508.0,13520.0,2224.0
26623,0,740.0,672.0,0.0,3596.0,3136.0,13520.0,13516.0,2220.0
26624,0,740.0,664.0,0.0,3576.0,3144.0,13500.0,13508.0,2200.0
26625,0,732.0,652.0,0.0,3584.0,3116.0,13500.0,13536.0,2216.0
26626,0,768.0,660.0,0.0,3576.0,3136.0,13500.0,13492.0,2208.0
26627,0,768.0,636.0,0.0,3560.0,3136.0,13492.0,13516.0,2204.0
26628,0,724.0,656.0,0.0,3568.0,3112.0,13508.0,13520.0,2220.0
26629,0,744.0,660.0,0.0,3576.0,3120.0,13492.0,13508.0,2204.0
26630,0,744.0,636.0,0.0,3568.0,3100.0,13516.0,13520.0,2196.0
26631,0,732.0,656.0,0.0,3564.0,3112.0,13500.0,13504.0,2212.0
26632,0,716.0,660.0,0.0,3588.0,3124.0,13524.0,13516.0,2216.0
26633,0,748.0,656.0,0.0,3568.0,3124.0,13504.0,13508.0,2172.0
26634,0,752.0,640.0,0.0,3568.0,3136.0,13512.0,13512.0,2204.0
26635,0,732.0,652.0,0.0,3568.0,3112.0,13516.0,13532.0,2200.0
26636,0,700.0,656.0,0.0,3592.0,3148.0,13500.0,13528.0,2224.0
26637,0,736.0,656.0,0.0,3580.0,3100.0,13500.0,13536.0,2204.0
26638,0,732.0,660.0,0.0,3556.0,3120.0,13520.0,13536.0,2204.0
26639,0,720.0,636.0,0.0,3588.0,3136.0,13528.0,13520.0,2208.0
26640,0,716.0,652.0,0.0,3564.0,3140.0,13508.0,13508.0,2216.0
26641,0,744.0,644.0,0.0,3548.0,3144.0,13500.0,13524.0,2240.0
26642,0,728.0,648.0,0.0,3588.0,3108.0,13540.0,13540.0,2208.0
26643,0,720.0,648.0,0.0,3556.0,3128.0,13500.0,13536.0,2196.0
26644,0,736.0,656.0,0.0,3596.0,3124.0,13552.0,13492.0,2212.0
26645,0,732.0,628.0,0.0,3572.0,3116.0,13528.0,13500.0,2204.0
26646,0,720.0,652.0,0.0,3576.0,3124.0,13488.0,13488.0,2228.0
26647,0,712.0,660.0,0.0,3576.0,3104.0,13528.0,13528.0,2236.0
26648,0,732.0,660.0,0.0,3576.0,3120.0,13508.0,13500.0,2208.0
26649,0,736.0,648.0,0.0,3592.0,3108.0,13500.0,13504.0,2224.0
26650,0,736.0,636.0,0.0,3548.0,3116.0,13516.0,13504.0,2192.0
26651,0,736.0,656.0,0.0,3584.0,3128.0,13512.0,13500.0,2200.0
26652,0,752.0,656.0,0.0,3600.0,3124.0,13528.0,13520.0,2200.0
26653,0,732.0,672.0,0.0,3584.0,3120.0,13504.0,13528.0,2224.0
26654,0,736.0,656.0,0.0,3584.0,3132.0,13508.0,13504.0,2212.0
26655,0,732.0,628.0,0.0,3580.0,3136.0,13500.0,13536.0,2204.0
26656,0,728.0,636.0,0.0,3580.0,3116.0,13508.0,13520.0,2204.0
26657,0,768.0,652.0,0.0,3584.0,3116.0,13520.0,13516.0,2212.0
26658,0,728.0,656.0,0.0,3592.0,3128.0,13556.0,13504.0,2208.0
26659,0,740.0,636.0,0.0,3572.0,3136.0,13508.0,13512.0,2224.0
26660,0,740.0,664.0,0.0,3592.0,3112.0,13516.0,13524.0,2200.0
26661,0,736.0,636.0,0.0,3552.0,3128.0,13500.0,13512.0,2172.0
26662,0,732.0,660.0,0.0,3600.0,3140.0,13500.0,13524.0,2240.0
26663,0,740.0,628.0,0.0,3564.0,3136.0,13512.0,13500.0,2200.0
26664,0,736.0,640.0,0.0,3580.0,3100.0,13536.0,13500.0,2208.0
26665,0,740.0,656.0,0.0,3584.0,3140.0,13484.0,13516.0,2216.0
26666,0,748.0,672.0,0.0,3572.0,3124.0,13516.0,13516.0,2208.0
26667,0,752.0,648.0,0.0,3584.0,3120.0,13536.0,13504.0,2220.0
26668,0,740.0,652.0,0.0,3560.0,3120.0,13536.0,13540.0,2180.0
26669,0,724.0,660.0,0.0,3564.0,3124.0,13520.0,13520.0,2204.0
26670,0,700.0,636.0,0.0,3616.0,3120.0,13484.0,13516.0,2208.0
26671,0,720.0,632.0,0.0,3564.0,3132.0,13500.0,13552.0,2204.0
26672,0,744.0,656.0,0.0,3576.0,3116.0,13512.0,13500.0,2228.0
26673,0,732.0,656.0,0.0,3596.0,3132.0,13508.0,13520.0,2212.0
26674,0,716.0,644.0,0.0,3580.0,3112.0,13504.0,13520.0,2196.0
26675,0,708.0,660.0,0.0,3588.0,3136.0,13516.0,13492.0,2224.0
26676,0,716.0,656.0,0.0,3588.0,3124.0,13492.0,13516.0,2208.0
26677,0,728.0,648.0,0.0,3584.0,3108.0,13492.0,13496.0,2204.0
26678,0,740.0,648.0,0.0,3580.0,3116.0,13516.0,13512.0,2208.0
26679,0,736.0,664.0,0.0,3592.0,3124.0,13496.0,13508.0,2204.0
26680,0,712.0,652.0,0.0,3584.0,3136.0,13520.0,13524.0,2188.0
26681,0,720.0,644.0,0.0,3588.0,3128.0,13520.0,13512.0,2212.0
26682,0,716.0,656.0,0.0,3584.0,3120.0,13496.0,13500.0,2212.0
26683,0,716.0,668.0,0.0,3584.0,3100.0,13492.0,13496.0,2208.0
26684,0,752.0,652.0,0.0,3584.0,3124.0,13496.0,13500.0,2216.0
26685,0,716.0,660.0,0.0,3580.0,3112.0,13492.0,13504.0,2208.0
26686,0,732.0,636.0,0.0,3548.0,3100.0,13468.0,13500.0,2220.0
26687,0,732.0,636.0,0.0,3564.0,3128.0,13520.0,13536.0,2216.0
26688,0,736.0,652.0,0.0,3588.0,3120.0,13516.0,13520.0,2240.0
26689,0,752.0,672.0,0.0,3560.0,3124.0,13516.0,13500.0,2188.0
26690,0,736.0,652.0,0.0,3576.0,3136.0,13520.0,13520.0,2172.0
26691,0,700.0,640.0,0.0,3580.0,3112.0,13504.0,13516.0,2184.0
26692,0,724.0,636.0,0.0,3580.0,3100.0,13500.0,13528.0,2196.0
26693,0,736.0,652.0,0.0,3580.0,3124.0,13492.0,13516.0,2240.0
26694,0,732.0,672.0,0.0,3604.0,3112.0,13512.0,13492.0,2208.0
26695,0,716.0,652.0,0.0,3572.0,3128.0,13520.0,13500.0,2216.0
26696,0,768.0,644.0,0.0,3576.0,3100.0,13524.0,13512.0,2188.0
26697,0,736.0,640.0,0.0,3576.0,3124.0,13500.0,13516.0,2204.0
26698,0,724.0,660.0,0.0,3588.0,3104.0,13540.0,13524.0,2240.0
26699,0,720.0,688.0,0.0,3588.0,3120.0,13500.0,13508.0,2216.0
26700,91,724.0,672.0,0.0,3584.0,3112.0,13552.0,13532.0,2184.0
26701,91,716.0,636.0,0.0,3584.0,3120.0,13500.0,13524.0,2204.0
26702,91,748.0,660.0,0.0,3584.0,3112.0,13504.0,13536.0,2196.0
26703,91,728.0,656.0,0.0,3556.0,3112.0,13516.0,13524.0,2212.0
26704,91,736.0,644.0,0.0,3576.0,3120.0,13500.0,13492.0,2204.0
26705,91,708.0,680.0,0.0,3576.0,3104.0,13544.0,13520.0,2204.0
26706,91,716.0,660.0,0.0,3600.0,3092.0,13536.0,13504.0,2232.0
26707,91,736.0,660.0,0.0,3576.0,3084.0,13536.0,13528.0,2204.0
26708,91,716.0,656.0,0.0,3556.0,3124.0,13504.0,13532.0,2208.0
26709,91,744.0,668.0,0.0,3564.0,3104.0,13500.0,13544.0,2196.0
26710,91,752.0,668.0,0.0,3568.0,3100.0,13536.0,13500.0,2196.0
26711,91,744.0,668.0,0.0,3572.0,3108.0,13496.0,13516.0,2180.0
26712,91,728.0,656.0,0.0,3564.0,3112.0,13500.0,13504.0,2216.0
26713,91,732.0,672.0,0.0,3576.0,3096.0,13496.0,13536.0,2224.0
26714,91,732.0,684.0,0.0,3584.0,3128.0,13520.0,13520.0,2188.0
26715,91,744.0,680.0,0.0,3572.0,3100.0,13536.0,13504.0,2188.0
26716,91,724.0,668.0,0.0,3576.0,3108.0,13504.0,13508.0,2192.0
26717,91,744.0,684.0,0.0,3584.0,3100.0,13520.0,13548.0,2216.0
26718,91,728.0,684.0,0.0,3576.0,3112.0,13516.0,13524.0,2208.0
26719,91,752.0,676.0,0.0,3556.0,3112.0,13524.0,13500.0,2216.0
26720,91,756.0,680.0,0.0,3580.0,3104.0,13524.0,13528.0,2204.0
26721,91,768.0,676.0,0.0,3564.0,3100.0,13500.0,13524.0,2224.0
26722,91,712.0,704.0,0.0,3576.0,3100.0,13536.0,13496.0,2212.0
26723,91,732.0,692.0,0.0,3576.0,3108.0,13536.0,13528.0,2204.0
26724,91,728.0,668.0,0.0,3576.0,3100.0,13500.0,13544.0,2204.0
26725,91,712.0,668.0,0.0,3588.0,3084.0,13504.0,13544.0,2208.0
26726,91,732.0,668.0,0.0,3560.0,3120.0,13524.0,13528.0,2212.0
26727,91,724.0,668.0,0.0,3560.0,3120.0,13536.0,13524.0,2204.0
26728,91,720.0,664.0,0.0,3568.0,3084.0,13500.0,13520.0,2204.0
26729,91,684.0,668.0,0.0,3564.0,3100.0,13524.0,13496.0,2216.0
26730,91,712.0,660.0,0.0,3556.0,3092.0,13528.0,13528.0,2200.0
26731,91,712.0,688.0,0.0,3568.0,3104.0,13516.0,13508.0,2196.0
26732,91,716.0,680.0,0.0,3556.0,3088.0,13536.0,13520.0,2216.0
26733,91,724.0,668.0,0.0,3552.0,3108.0,13500.0,13500.0,2196.0
26734,91,720.0,672.0,0.0,3556.0,3084.0,13516.0,13516.0,2180.0
26735,91,720.0,668.0,0.0,3576.0,3088.0,13536.0,13524.0,2224.0
26736,91,716.0,688.0,0.0,3564.0,3096.0,13504.0,13544.0,2212.0
26737,91,720.0,684.0,0.0,3580.0,3104.0,13520.0,13508.0,2240.0
26738,91,728.0,688.0,0.0,3588.0,3120.0,13540.0,13508.0,2224.0
26739,91,740.0,676.0,0.0,3576.0,3088.0,13528.0,13496.0,2204.0
26740,91,752.0,704.0,0.0,3584.0,3116.0,13512.0,13536.0,2216.0
26741,91,728.0,692.0,0.0,3552.0,3108.0,13536.0,13516.0,2188.0
26742,91,724.0,672.0,0.0,3560.0,3084.0,13568.0,13532.0,2236.0
26743,91,708.0,684.0,0.0,3560.0,3084.0,13516.0,13524.0,2204.0
26744,91,708.0,676.0,0.0,3568.0,3084.0,13520.0,13540.0,2196.0
26745,91,736.0,688.0,0.0,3584.0,3084.0,13516.0,13520.0,2208.0
26746,91,724.0,676.0,0.0,3564.0,3076.0,13528.0,13520.0,2212.0
26747,91,724.0,676.0,0.0,3548.0,3080.0,13516.0,13520.0,2192.0
26748,91,736.0,672.0,0.0,3568.0,3104.0,13520.0,13516.0,2204.0
26749,91,736.0,676.0,0.0,3572.0,3104.0,13536.0,13512.0,2208.0
26750,91,736.0,676.0,0.0,3568.0,3088.0,13532.0,13536.0,2196.0
26751,91,708.0,668.0,0.0,3536.0,3092.0,13516.0,13528.0,2224.0
26752,91,700.0,704.0,0.0,3568.0,3088.0,13524.0,13524.0,2208.0
26753,91,716.0,688.0,0.0,3560.0,3064.0,13536.0,13516.0,2220.0
26754,91,728.0,668.0,0.0,3548.0,3100.0,13516.0,13516.0,2204.0
26755,91,724.0,676.0,0.0,3532.0,3104.0,13524.0,13508.0,2204.0
26756,91,732.0,656.0,0.0,3532.0,3084.0,13508.0,13504.0,2192.0
26757,91,740.0,680.0,0.0,3552.0,3072.0,13508.0,13520.0,2224.0
26758,91,720.0,672.0,0.0,3592.0,3104.0,13520.0,13508.0,2216.0
26759,91,720.0,684.0,0.0,3564.0,3068.0,13544.0,13524.0,2200.0
26760,91,700.0,688.0,0.0,3532.0,3088.0,13508.0,13536.0,2212.0
26761,91,724.0,652.0,0.0,3552.0,3088.0,13516.0,13536.0,2212.0
26762,91,728.0,676.0,0.0,3552.0,3096.0,13532.0,13496.0,2216.0
26763,91,736.0,680.0,0.0,3540.0,3088.0,13516.0,13544.0,2224.0
26764,91,724.0,668.0,0.0,3552.0,3088.0,13520.0,13512.0,2212.0
26765,91,720.0,664.0,0.0,3544.0,3088.0,13496.0,13508.0,2188.0
26766,91,712.0,664.0,0.0,3528.0,3068.0,13520.0,13508.0,2188.0
26767,91,692.0,668.0,0.0,3528.0,3100.0,13512.0,13500.0,2192.0
26768,91,724.0,664.0,0.0,3556.0,3100.0,13528.0,13536.0,2204.0
26769,91,712.0,652.0,0.0,3524.0,3068.0,13512.0,13504.0,2208.0
26770,91,716.0,660.0,0.0,3536.0,3068.0,13500.0,13508.0,2212.0
26771,91,708.0,680.0,0.0,3532.0,3072.0,13524.0,13500.0,2216.0
26772,91,724.0,660.0,0.0,3536.0,3068.0,13496.0,13516.0,2212.0
26773,91,736.0,688.0,0.0,3536.0,3084.0,13520.0,13492.0,2204.0
26774,91,684.0,672.0,0.0,3540.0,3072.0,13528.0,13536.0,2172.0
26775,91,744.0,664.0,0.0,3544.0,3076.0,13520.0,13552.0,2188.0
26776,91,744.0,668.0,0.0,3528.0,3096.0,13504.0,13504.0,2180.0
26777,91,708.0,664.0,0.0,3536.0,3084.0,13512.0,13512.0,2212.0
26778,91,700.0,660.0,0.0,3536.0,3092.0,13516.0,13512.0,2208.0
26779,91,732.0,668.0,0.0,3536.0,3072.0,13504.0,13504.0,2208.0
26780,91,720.0,668.0,0.0,3520.0,3068.0,13524.0,13512.0,2220.0
26781,91,708.0,680.0,0.0,3528.0,3084.0,13504.0,13496.0,2224.0
26782,91,712.0,668.0,0.0,3532.0,3088.0,13520.0,13500.0,2184.0
26783,91,728.0,668.0,0.0,3532.0,3072.0,13528.0,13512.0,2232.0
26784,91,712.0,680.0,0.0,3528.0,3072.0,13536.0,13516.0,2232.0
26785,91,712.0,656.0,0.0,3536.0,3096.0,13508.0,13536.0,2208.0
26786,91,720.0,680.0,0.0,3516.0,3084.0,13540.0,13512.0,2224.0
26787,91,700.0,652.0,0.0,3520.0,3080.0,13536.0,13512.0,2188.0
26788,91,692.0,652.0,0.0,3536.0,3092.0,13496.0,13500.0,2196.0
26789,91,712.0,680.0,0.0,3524.0,3088.0,13520.0,13516.0,2224.0
26790,91,724.0,660.0,0.0,3520.0,3088.0,13508.0,13524.0,2204.0
26791,91,696.0,664.0,0.0,3512.0,3076.0,13492.0,13508.0,2208.0
26792,91,704.0,664.0,0.0,3524.0,3076.0,13536.0,13508.0,2204.0
26793,91,708.0,656.0,0.0,3520.0,3080.0,13512.0,13528.0,2212.0
26794,91,716.0,652.0,0.0,3512.0,3080.0,13536.0,13512.0,2188.0
26795,91,684.0,652.0,0.0,3508.0,3076.0,13536.0,13516.0,2208.0
26796,91,708.0,668.0,0.0,3504.0,3076.0,13496.0,13512.0,2188.0
26797,91,700.0,668.0,0.0,3520.0,3088.0,13508.0,13544.0,2200.0
26798,91,700.0,664.0,0.0,3508.0,3068.0,13524.0,13536.0,2192.0
26799,91,708.0,652.0,0.0,3492.0,3072.0,13500.0,13508.0,2200.0
26800,91,700.0,668.0,0.0,3508.0,3076.0,13516.0,13500.0,2224.0
26801,91,700.0,656.0,0.0,3512.0,3064.0,13536.0,13520.0,2192.0
26802,91,700.0,660.0,0.0,3500.0,3096.0,13504.0,13536.0,2204.0
26803,91,700.0,688.0,0.0,3516.0,3088.0,13504.0,13500.0,2196.0
26804,91,692.0,644.0,0.0,3508.0,3072.0,13500.0,13508.0,2200.0
26805,91,696.0,668.0,0.0,3520.0,3056.0,13512.0,13540.0,2212.0
26806,91,712.0,656.0,0.0,3516.0,3112.0,13500.0,13516.0,2208.0
26807,91,712.0,672.0,0.0,3484.0,3068.0,13540.0,13536.0,2188.0
26808,91,700.0,632.0,0.0,3492.0,3080.0,13500.0,13500.0,2208.0
26809,91,708.0,672.0,0.0,3520.0,3072.0,13532.0,13520.0,2220.0
26810,91,684.0,656.0,0.0,3500.0,3088.0,13520.0,13512.0,2208.0
26811,91,704.0,656.0,0.0,3520.0,3088.0,13500.0,13536.0,2204.0
26812,91,688.0,644.0,0.0,3484.0,3104.0,13496.0,13520.0,2224.0
26813,91,692.0,664.0,0.0,3496.0,3084.0,13508.0,13512.0,2188.0
26814,91,712.0,636.0,0.0,3492.0,3064.0,13512.0,13508.0,2208.0
26815,91,708.0,652.0,0.0,3504.0,3088.0,13516.0,13516.0,2208.0
26816,91,704.0,652.0,0.0,3492.0,3072.0,13512.0,13524.0,2212.0
26817,91,692.0,636.0,0.0,3484.0,3076.0,13568.0,13524.0,2220.0
26818,91,684.0,652.0,0.0,3516.0,3068.0,13536.0,13548.0,2192.0
26819,91,684.0,652.0,0.0,3484.0,3084.0,13520.0,13540.0,2208.0
26820,91,716.0,672.0,0.0,3496.0,3064.0,13508.0,13508.0,2188.0
26821,91,704.0,656.0,0.0,3488.0,3072.0,13556.0,13512.0,2212.0
26822,91,708.0,660.0,0.0,3508.0,3068.0,13512.0,13520.0,2196.0
26823,91,696.0,652.0,0.0,3500.0,3076.0,13528.0,13496.0,2204.0
26824,91,712.0,644.0,0.0,3488.0,3068.0,13512.0,13504.0,2200.0
26825,91,696.0,656.0,0.0,3472.0,3088.0,13516.0,13504.0,2204.0
26826,91,704.0,652.0,0.0,3484.0,3072.0,13536.0,13504.0,2212.0
26827,91,668.0,680.0,0.0,3472.0,3088.0,13516.0,13500.0,2204.0
26828,91,700.0,672.0,0.0,3472.0,3104.0,13496.0,13544.0,2204.0
26829,91,684.0,656.0,0.0,3488.0,3060.0,13500.0,13544.0,2200.0
26830,91,696.0,640.0,0.0,3480.0,3072.0,13532.0,13536.0,2224.0
26831,91,680.0,636.0,0.0,3492.0,3080.0,13552.0,13540.0,2208.0
26832,91,664.0,656.0,0.0,3484.0,3068.0,13536.0,13544.0,2240.0
26833,91,708.0,652.0,8.0,3484.0,3056.0,13500.0,13500.0,2216.0
26834,91,704.0,656.0,0.0,3476.0,3072.0,13544.0,13516.0,2192.0
26835,91,692.0,636.0,0.0,3484.0,3068.0,13536.0,13504.0,2216.0
26836,91,704.0,632.0,0.0,3492.0,3072.0,13560.0,13492.0,2216.0
26837,91,696.0,636.0,0.0,3480.0,3080.0,13500.0,13516.0,2224.0
26838,91,688.0,624.0,0.0,3476.0,3052.0,13512.0,13520.0,2212.0
26839,91,704.0,636.0,0.0,3488.0,3064.0,13540.0,13516.0,2180.0
26840,91,704.0,636.0,0.0,3484.0,3064.0,13508.0,13516.0,2204.0
26841,91,716.0,628.0,0.0,3480.0,3068.0,13532.0,13496.0,2196.0
26842,91,692.0,640.0,0.0,3452.0,3072.0,13492.0,13536.0,2216.0
26843,91,700.0,632.0,0.0,3480.0,3080.0,13524.0,13532.0,2192.0
26844,91,696.0,644.0,0.0,3476.0,3072.0,13536.0,13520.0,2180.0
26845,91,700.0,640.0,0.0,3472.0,3064.0,13520.0,13536.0,2208.0
26846,91,700.0,652.0,0.0,3452.0,3064.0,13504.0,13500.0,2196.0
26847,91,704.0,640.0,0.0,3488.0,3036.0,13536.0,13516.0,2224.0
26848,91,676.0,636.0,0.0,3484.0,3064.0,13520.0,13536.0,2192.0
26849,91,664.0,644.0,0.0,3468.0,3076.0,13516.0,13528.0,2204.0
26850,91,692.0,636.0,0.0,3476.0,3036.0,13516.0,13524.0,2208.0
26851,91,668.0,624.0,0.0,3480.0,3056.0,13484.0,13500.0,2200.0
26852,91,700.0,636.0,0.0,3472.0,3060.0,13516.0,13508.0,2196.0
26853,91,684.0,644.0,0.0,3464.0,3088.0,13528.0,13528.0,2212.0
26854,91,708.0,636.0,0.0,3436.0,3048.0,13520.0,13516.0,2184.0
26855,91,668.0,640.0,0.0,3468.0,3060.0,13524.0,13500.0,2200.0
26856,91,720.0,632.0,0.0,3472.0,3072.0,13500.0,13508.0,2208.0
26857,91,676.0,656.0,0.0,3488.0,3080.0,13500.0,13508.0,2216.0
26858,91,704.0,648.0,0.0,3452.0,3068.0,13512.0,13544.0,2200.0
26859,91,668.0,628.0,0.0,3472.0,3052.0,13520.0,13512.0,2224.0
26860,91,708.0,632.0,0.0,3464.0,3068.0,13536.0,13512.0,2204.0
26861,91,684.0,632.0,0.0,3472.0,3088.0,13540.0,13536.0,2200.0
26862,91,684.0,648.0,0.0,3468.0,3068.0,13520.0,13504.0,2208.0
26863,91,696.0,624.0,0.0,3444.0,3052.0,13524.0,13524.0,2188.0
26864,91,688.0,636.0,0.0,3464.0,3076.0,13524.0,13528.0,2188.0
26865,91,704.0,628.0,0.0,3480.0,3080.0,13512.0,13528.0,2240.0
26866,91,672.0,640.0,0.0,3452.0,3064.0,13500.0,13532.0,2204.0
26867,91,696.0,632.0,0.0,3472.0,3076.0,13520.0,13520.0,2200.0
26868,91,668.0,636.0,0.0,3448.0,3076.0,13528.0,13532.0,2208.0
26869,91,700.0,604.0,0.0,3448.0,3068.0,13528.0,13544.0,2188.0
26870,91,668.0,636.0,0.0,3456.0,3076.0,13536.0,13536.0,2208.0
26871,91,688.0,640.0,0.0,3472.0,3060.0,13520.0,13512.0,2188.0
26872,91,672.0,624.0,0.0,3452.0,3084.0,13520.0,13524.0,2224.0
26873,91,680.0,624.0,0.0,3460.0,3068.0,13532.0,13516.0,2200.0
26874,91,684.0,628.0,0.0,3448.0,3080.0,13536.0,13484.0,2192.0
26875,91,676.0,628.0,0.0,3444.0,3080.0,13516.0,13520.0,2216.0
26876,91,680.0,624.0,0.0,3472.0,3076.0,13500.0,13504.0,2208.0
26877,91,696.0,632.0,0.0,3464.0,3096.0,13528.0,13536.0,2192.0
26878,91,668.0,648.0,0.0,3444.0,3060.0,13540.0,13492.0,2196.0
26879,91,688.0,632.0,0.0,3452.0,3064.0,13516.0,13512.0,2240.0
26880,91,676.0,616.0,0.0,3436.0,3068.0,13512.0,13536.0,2196.0
26881,91,704.0,620.0,0.0,3452.0,3036.0,13516.0,13480.0,2188.0
26882,91,688.0,628.0,0.0,3448.0,3064.0,13500.0,13516.0,2208.0
26883,91,684.0,632.0,0.0,3452.0,3060.0,13500.0,13516.0,2208.0
26884,91,692.0,632.0,0.0,3464.0,3092.0,13536.0,13508.0,2212.0
26885,91,668.0,636.0,0.0,3440.0,3068.0,13504.0,13536.0,2188.0
26886,91,664.0,616.0,0.0,3456.0,3064.0,13528.0,13520.0,2224.0
26887,91,664.0,616.0,0.0,3464.0,3076.0,13512.0,13536.0,2196.0
26888,91,688.0,640.0,0.0,3448.0,3096.0,13520.0,13508.0,2204.0
26889,91,672.0,632.0,0.0,3428.0,3068.0,13528.0,13516.0,2216.0
26890,91,676.0,628.0,0.0,3428.0,3064.0,13536.0,13484.0,2192.0
26891,91,704.0,600.0,0.0,3440.0,3076.0,13520.0,13512.0,2196.0
26892,91,676.0,628.0,0.0,3444.0,3068.0,13496.0,13516.0,2204.0
26893,91,692.0,604.0,0.0,3436.0,3076.0,13512.0,13524.0,2196.0
26894,91,692.0,632.0,0.0,3448.0,3088.0,13500.0,13512.0,2212.0
26895,91,680.0,612.0,0.0,3448.0,3068.0,13536.0,13512.0,2204.0
26896,91,688.0,652.0,0.0,3456.0,3068.0,13524.0,13500.0,2216.0
26897,91,676.0,608.0,0.0,3456.0,3068.0,13520.0,13512.0,2224.0
26898,91,712.0,600.0,0.0,3432.0,3080.0,13508.0,13552.0,2208.0
26899,91,660.0,620.0,0.0,3448.0,3064.0,13536.0,13508.0,2200.0
26900,91,704.0,612.0,0.0,3424.0,3080.0,13500.0,13492.0,2204.0
26901,91,688.0,612.0,0.0,3420.0,3072.0,13512.0,13504.0,2200.0
26902,91,668.0,596.0,0.0,3436.0,3068.0,13480.0,13508.0,2200.0
26903,91,668.0,624.0,0.0,3444.0,3060.0,13504.0,13516.0,2208.0
26904,91,676.0,620.0,0.0,3428.0,3044.0,13520.0,13512.0,2208.0
26905,91,684.0,624.0,0.0,3420.0,3084.0,13532.0,13500.0,2188.0
26906,91,700.0,604.0,0.0,3428.0,3068.0,13520.0,13508.0,2188.0
26907,91,668.0,616.0,0.0,3456.0,3072.0,13508.0,13500.0,2212.0
26908,91,668.0,616.0,0.0,3428.0,3052.0,13512.0,13500.0,2208.0
26909,91,660.0,604.0,0.0,3424.0,3072.0,13488.0,13492.0,2224.0
26910,91,696.0,604.0,0.0,3424.0,3060.0,13524.0,13500.0,2196.0
26911,91,636.0,596.0,0.0,3420.0,3076.0,13500.0,13496.0,2200.0
26912,91,672.0,604.0,0.0,3456.0,3080.0,13488.0,13516.0,2200.0
26913,91,692.0,584.0,0.0,3428.0,3072.0,13516.0,13516.0,2204.0
26914,91,668.0,624.0,0.0,3432.0,3076.0,13508.0,13520.0,2192.0
26915,91,704.0,600.0,0.0,3456.0,3080.0,13520.0,13512.0,2224.0
26916,91,696.0,600.0,0.0,3416.0,3088.0,13512.0,13500.0,2184.0
26917,91,688.0,616.0,0.0,3428.0,3064.0,13536.0,13508.0,2240.0
26918,91,680.0,604.0,0.0,3440.0,3072.0,13500.0,13536.0,2192.0
26919,91,688.0,628.0,0.0,3424.0,3080.0,13504.0,13488.0,2204.0
26920,91,692.0,588.0,0.0,3428.0,3072.0,13512.0,13520.0,2196.0
26921,91,684.0,592.0,0.0,3432.0,3068.0,13504.0,13496.0,2216.0
26922,91,696.0,608.0,0.0,3420.0,3104.0,13504.0,13476.0,2192.0
26923,91,668.0,588.0,0.0,3416.0,3072.0,13552.0,13568.0,2192.0
26924,91,700.0,612.0,0.0,3444.0,3104.0,13512.0,13520.0,2208.0
26925,91,696.0,592.0,0.0,3448.0,3084.0,13528.0,13528.0,2212.0
26926,91,676.0,588.0,0.0,3416.0,3052.0,13492.0,13508.0,2172.0
26927,91,668.0,596.0,0.0,3448.0,3068.0,13536.0,13500.0,2224.0
26928,91,680.0,588.0,0.0,3428.0,3068.0,13492.0,13496.0,2204.0
26929,91,684.0,600.0,0.0,3424.0,3104.0,13520.0,13540.0,2208.0
26930,91,688.0,588.0,0.0,3440.0,3104.0,13500.0,13516.0,2204.0
26931,91,632.0,572.0,0.0,3424.0,3104.0,13500.0,13536.0,2204.0
26932,91,656.0,596.0,0.0,3424.0,3080.0,13516.0,13536.0,2192.0
26933,91,684.0,588.0,0.0,3424.0,3068.0,13516.0,13536.0,2204.0
26934,91,684.0,612.0,0.0,3432.0,3136.0,13520.0,13520.0,2200.0
26935,91,680.0,600.0,0.0,3420.0,3092.0,13552.0,13524.0,2192.0
26936,91,688.0,616.0,0.0,3428.0,3108.0,13528.0,13508.0,2192.0
26937,91,668.0,604.0,0.0,3432.0,3088.0,13536.0,13488.0,2228.0
26938,91,704.0,588.0,0.0,3428.0,3096.0,13556.0,13524.0,2188.0
26939,91,676.0,592.0,0.0,3440.0,3136.0,13504.0,13520.0,2224.0
26940,91,668.0,572.0,0.0,3436.0,3104.0,13524.0,13500.0,2212.0
26941,91,680.0,600.0,0.0,3448.0,3076.0,13524.0,13568.0,2224.0
26942,91,668.0,584.0,0.0,3420.0,3100.0,13552.0,13520.0,2208.0
26943,91,696.0,592.0,0.0,3436.0,3088.0,13516.0,13544.0,2200.0
26944,91,704.0,592.0,0.0,3436.0,3108.0,13536.0,13520.0,2204.0
26945,91,704.0,568.0,0.0,3448.0,3112.0,13540.0,13532.0,2188.0
26946,91,704.0,604.0,0.0,3424.0,3104.0,13528.0,13520.0,2200.0
26947,91,668.0,580.0,0.0,3420.0,3124.0,13508.0,13532.0,2192.0
26948,91,696.0,572.0,0.0,3432.0,3120.0,13500.0,13540.0,2188.0
26949,91,692.0,596.0,0.0,3420.0,3116.0,13540.0,13512.0,2204.0
26950,91,692.0,584.0,0.0,3428.0,3132.0,13512.0,13536.0,2212.0
26951,91,668.0,580.0,0.0,3444.0,3108.0,13504.0,13536.0,2216.0
26952,91,672.0,592.0,0.0,3412.0,3108.0,13516.0,13516.0,2188.0
26953,91,664.0,588.0,0.0,3428.0,3108.0,13520.0,13504.0,2228.0
26954,91,676.0,596.0,0.0,3440.0,3128.0,13500.0,13508.0,2204.0
26955,91,668.0,572.0,0.0,3428.0,3108.0,13520.0,13536.0,2200.0
26956,91,660.0,592.0,0.0,3420.0,3120.0,13484.0,13500.0,2200.0
26957,91,680.0,568.0,0.0,3436.0,3124.0,13512.0,13496.0,2204.0
26958,91,708.0,568.0,0.0,3432.0,3116.0,13512.0,13496.0,2240.0
26959,91,672.0,572.0,0.0,3420.0,3084.0,13496.0,13484.0,2204.0
26960,91,676.0,608.0,0.0,3388.0,3136.0,13536.0,13500.0,2180.0
26961,91,704.0,572.0,0.0,3440.0,3120.0,13504.0,13512.0,2188.0
26962,91,672.0,608.0,0.0,3432.0,3128.0,13536.0,13532.0,2188.0
26963,91,704.0,608.0,0.0,3428.0,3132.0,13524.0,13504.0,2188.0
26964,91,652.0,584.0,0.0,3420.0,3120.0,13468.0,13524.0,2188.0
26965,91,704.0,592.0,0.0,3416.0,3108.0,13544.0,13536.0,2212.0
26966,91,668.0,568.0,0.0,3416.0,3128.0,13520.0,13504.0,2204.0
26967,91,660.0,572.0,0.0,3424.0,3120.0,13524.0,13524.0,2192.0
26968,91,676.0,568.0,0.0,3440.0,3108.0,13520.0,13524.0,2172.0
26969,91,672.0,600.0,0.0,3432.0,3116.0,13508.0,13516.0,2208.0
26970,91,676.0,576.0,0.0,3412.0,3116.0,13508.0,13520.0,2212.0
26971,91,696.0,572.0,0.0,3448.0,3100.0,13528.0,13520.0,2212.0
26972,91,668.0,548.0,0.0,3404.0,3124.0,13520.0,13516.0,2180.0
26973,91,664.0,608.0,0.0,3420.0,3108.0,13500.0,13520.0,2188.0
26974,91,676.0,576.0,0.0,3416.0,3160.0,13500.0,13504.0,2200.0
26975,91,684.0,592.0,0.0,3416.0,3104.0,13528.0,13568.0,2192.0
26976,91,684.0,592.0,0.0,3424.0,3108.0,13536.0,13536.0,2200.0
26977,91,668.0,588.0,0.0,3444.0,3140.0,13512.0,13500.0,2200.0
26978,91,656.0,588.0,0.0,3424.0,3104.0,13540.0,13516.0,2188.0
26979,91,668.0,592.0,0.0,3404.0,3148.0,13532.0,13468.0,2196.0
26980,91,704.0,564.0,0.0,3428.0,3124.0,13508.0,13540.0,2180.0
26981,91,668.0,556.0,0.0,3420.0,3132.0,13520.0,13508.0,2196.0
26982,91,692.0,580.0,0.0,3444.0,3120.0,13528.0,13528.0,2240.0
26983,91,664.0,568.0,0.0,3416.0,3128.0,13516.0,13500.0,2204.0
26984,91,660.0,588.0,0.0,3456.0,3124.0,13544.0,13508.0,2216.0
26985,91,668.0,572.0,0.0,3420.0,3156.0,13528.0,13532.0,2232.0
26986,91,668.0,568.0,0.0,3456.0,3128.0,13516.0,13536.0,2188.0
26987,91,688.0,576.0,0.0,3412.0,3108.0,13548.0,13532.0,2208.0
26988,91,696.0,572.0,0.0,3436.0,3152.0,13520.0,13500.0,2200.0
26989,91,680.0,584.0,0.0,3420.0,3132.0,13536.0,13520.0,2196.0
26990,91,676.0,592.0,0.0,3428.0,3132.0,13528.0,13528.0,2180.0
26991,91,684.0,584.0,0.0,3436.0,3128.0,13496.0,13516.0,2180.0
26992,91,668.0,588.0,0.0,3444.0,3140.0,13556.0,13516.0,2204.0
26993,91,684.0,572.0,0.0,3420.0,3128.0,13516.0,13520.0,2212.0
26994,91,692.0,592.0,0.0,3432.0,3124.0,13508.0,13560.0,2224.0
26995,91,684.0,600.0,0.0,3428.0,3144.0,13544.0,13512.0,2188.0
26996,91,708.0,600.0,0.0,3436.0,3100.0,13536.0,13540.0,2188.0
26997,91,688.0,592.0,0.0,3412.0,3120.0,13516.0,13536.0,2212.0
26998,91,680.0,576.0,0.0,3412.0,3112.0,13516.0,13524.0,2212.0
26999,91,684.0,580.0,0.0,3440.0,3148.0,13528.0,13500.0,2240.0
27000,91,676.0,588.0,0.0,3424.0,3136.0,13524.0,13536.0,2176.0
27001,91,668.0,588.0,0.0,3412.0,3100.0,13544.0,13536.0,2208.0
27002,91,660.0,556.0,0.0,3432.0,3124.0,13528.0,13516.0,2192.0
27003,91,664.0,560.0,0.0,3420.0,3116.0,13512.0,13504.0,2208.0
27004,91,700.0,584.0,0.0,3412.0,3128.0,13508.0,13492.0,2232.0
27005,91,696.0,564.0,0.0,3416.0,3124.0,13528.0,13540.0,2208.0
27006,91,680.0,572.0,0.0,3436.0,3116.0,13524.0,13496.0,2208.0
27007,91,664.0,592.0,0.0,3420.0,3136.0,13504.0,13536.0,2196.0
27008,91,692.0,592.0,0.0,3416.0,3128.0,13508.0,13500.0,2184.0
27009,91,688.0,548.0,0.0,3420.0,3116.0,13536.0,13504.0,2224.0
27010,91,676.0,580.0,0.0,3424.0,3144.0,13520.0,13512.0,2216.0
27011,91,664.0,580.0,0.0,3408.0,3120.0,13512.0,13548.0,2200.0
27012,91,652.0,572.0,0.0,3404.0,3116.0,13520.0,13480.0,2204.0
27013,91,704.0,568.0,0.0,3416.0,3100.0,13508.0,13508.0,2188.0
27014,91,672.0,580.0,0.0,3404.0,3120.0,13516.0,13500.0,2216.0
27015,0,640.0,572.0,0.0,3440.0,3136.0,13492.0,13544.0,2204.0
27016,0,684.0,584.0,0.0,3440.0,3128.0,13520.0,13500.0,2172.0
27017,0,700.0,572.0,0.0,3432.0,3100.0,13544.0,13508.0,2204.0
27018,0,684.0,584.0,0.0,3436.0,3080.0,13512.0,13532.0,2208.0
27019,0,688.0,580.0,0.0,3432.0,3100.0,13504.0,13528.0,2196.0
27020,0,668.0,572.0,0.0,3420.0,3108.0,13528.0,13536.0,2196.0
27021,0,668.0,560.0,0.0,3420.0,3120.0,13528.0,13528.0,2208.0
27022,0,672.0,588.0,0.0,3440.0,3120.0,13504.0,13528.0,2192.0
27023,0,668.0,572.0,0.0,3436.0,3128.0,13500.0,13516.0,2208.0
27024,0,652.0,572.0,0.0,3412.0,3120.0,13552.0,13504.0,2220.0
27025,0,668.0,572.0,0.0,3420.0,3116.0,13492.0,13500.0,2208.0
27026,0,652.0,560.0,0.0,3420.0,3120.0,13480.0,13508.0,2172.0
27027,0,668.0,584.0,0.0,3420.0,3120.0,13528.0,13536.0,2204.0
27028,0,664.0,576.0,0.0,3436.0,3108.0,13504.0,13536.0,2192.0
27029,0,668.0,564.0,0.0,3424.0,3100.0,13528.0,13548.0,2204.0
27030,0,668.0,572.0,0.0,3412.0,3128.0,13552.0,13536.0,2188.0
27031,0,708.0,568.0,0.0,3420.0,3140.0,13536.0,13512.0,2204.0
27032,0,700.0,592.0,0.0,3448.0,3096.0,13484.0,13500.0,2212.0
27033,0,668.0,572.0,0.0,3424.0,3116.0,13524.0,13524.0,2204.0
27034,0,692.0,568.0,0.0,3420.0,3116.0,13516.0,13524.0,2200.0
27035,0,648.0,576.0,0.0,3404.0,3108.0,13524.0,13552.0,2204.0
27036,0,684.0,592.0,0.0,3448.0,3120.0,13500.0,13504.0,2212.0
27037,0,688.0,588.0,0.0,3428.0,3136.0,13500.0,13504.0,2224.0
27038,0,692.0,572.0,0.0,3420.0,3100.0,13524.0,13520.0,2196.0
27039,0,692.0,560.0,0.0,3404.0,3108.0,13512.0,13500.0,2224.0
27040,0,696.0,572.0,0.0,3432.0,3116.0,13512.0,13516.0,2204.0
27041,0,680.0,564.0,0.0,3436.0,3120.0,13500.0,13528.0,2188.0
27042,0,684.0,556.0,0.0,3428.0,3104.0,13500.0,13512.0,2188.0
27043,0,684.0,576.0,0.0,3428.0,3128.0,13536.0,13540.0,2204.0
27044,0,672.0,564.0,0.0,3416.0,3100.0,13512.0,13516.0,2212.0
27045,0,636.0,560.0,0.0,3436.0,3108.0,13516.0,13536.0,2188.0
27046,0,692.0,580.0,0.0,3436.0,3124.0,13516.0,13512.0,2196.0
27047,0,704.0,584.0,0.0,3432.0,3116.0,13528.0,13508.0,2196.0
27048,0,668.0,592.0,0.0,3456.0,3116.0,13504.0,13532.0,2188.0
27049,0,648.0,564.0,0.0,3424.0,3128.0,13516.0,13496.0,2212.0
27050,0,676.0,584.0,0.0,3420.0,3136.0,13548.0,13544.0,2204.0
27051,0,684.0,588.0,0.0,3424.0,3100.0,13520.0,13536.0,2200.0
27052,0,672.0,556.0,0.0,3436.0,3140.0,13512.0,13504.0,2196.0
27053,0,652.0,572.0,0.0,3448.0,3108.0,13500.0,13500.0,2204.0
27054,0,688.0,576.0,0.0,3416.0,3112.0,13540.0,13516.0,2208.0
27055,0,680.0,564.0,0.0,3420.0,3116.0,13508.0,13520.0,2204.0
27056,0,672.0,548.0,0.0,3416.0,3136.0,13500.0,13520.0,2168.0
27057,0,676.0,580.0,0.0,3440.0,3128.0,13520.0,13500.0,2200.0
27058,0,680.0,580.0,0.0,3444.0,3124.0,13500.0,13516.0,2228.0
27059,0,684.0,552.0,0.0,3432.0,3120.0,13508.0,13520.0,2204.0
27060,0,676.0,584.0,0.0,3428.0,3132.0,13508.0,13536.0,2216.0
27061,0,680.0,576.0,0.0,3420.0,3140.0,13516.0,13512.0,2224.0
27062,0,652.0,572.0,0.0,3420.0,3136.0,13516.0,13536.0,2208.0
27063,0,668.0,572.0,0.0,3432.0,3112.0,13500.0,13500.0,2204.0
27064,0,676.0,584.0,0.0,3440.0,3100.0,13504.0,13536.0,2188.0
27065,0,692.0,572.0,0.0,3444.0,3100.0,13516.0,13528.0,2196.0
27066,0,676.0,592.0,0.0,3416.0,3116.0,13536.0,13528.0,2196.0
27067,0,652.0,572.0,0.0,3464.0,3136.0,13520.0,13520.0,2204.0
27068,0,676.0,572.0,0.0,3408.0,3116.0,13504.0,13544.0,2204.0
27069,0,684.0,596.0,0.0,3424.0,3112.0,13508.0,13508.0,2180.0
27070,0,676.0,584.0,0.0,3432.0,3124.0,13504.0,13536.0,2204.0
27071,0,688.0,576.0,0.0,3432.0,3120.0,13528.0,13524.0,2204.0
27072,0,692.0,588.0,0.0,3424.0,3124.0,13504.0,13496.0,2224.0
27073,0,676.0,568.0,0.0,3432.0,3116.0,13528.0,13520.0,2192.0
27074,0,660.0,560.0,0.0,3436.0,3136.0,13504.0,13528.0,2192.0
27075,0,684.0,564.0,0.0,3448.0,3096.0,13532.0,13520.0,2200.0
27076,0,664.0,556.0,0.0,3436.0,3112.0,13500.0,13512.0,2208.0
27077,0,680.0,572.0,0.0,3404.0,3100.0,13504.0,13524.0,2196.0
27078,0,692.0,556.0,0.0,3436.0,3140.0,13500.0,13500.0,2172.0
27079,0,680.0,572.0,0.0,3416.0,3136.0,13484.0,13496.0,2208.0
27080,0,692.0,568.0,0.0,3428.0,3136.0,13508.0,13516.0,2200.0
27081,0,668.0,552.0,0.0,3440.0,3120.0,13500.0,13508.0,2204.0
27082,0,672.0,572.0,0.0,3420.0,3136.0,13508.0,13524.0,2204.0
27083,0,688.0,572.0,0.0,3436.0,3140.0,13532.0,13468.0,2204.0
27084,0,704.0,576.0,0.0,3420.0,3108.0,13516.0,13520.0,2204.0
27085,0,688.0,572.0,0.0,3432.0,3116.0,13500.0,13528.0,2180.0
27086,0,676.0,564.0,0.0,3448.0,3112.0,13508.0,13524.0,2188.0
27087,0,688.0,556.0,0.0,3452.0,3132.0,13516.0,13516.0,2192.0
27088,0,660.0,572.0,0.0,3452.0,3096.0,13508.0,13532.0,2196.0
27089,0,696.0,556.0,0.0,3424.0,3108.0,13516.0,13528.0,2184.0
27090,0,688.0,576.0,0.0,3416.0,3156.0,13496.0,13536.0,2220.0
27091,0,688.0,564.0,0.0,3432.0,3100.0,13504.0,13500.0,2204.0
27092,0,696.0,572.0,0.0,3428.0,3128.0,13532.0,13516.0,2212.0
27093,0,676.0,572.0,0.0,3444.0,3128.0,13500.0,13540.0,2200.0
27094,0,676.0,576.0,0.0,3424.0,3136.0,13536.0,13484.0,2196.0
27095,0,700.0,576.0,0.0,3424.0,3100.0,13500.0,13532.0,2208.0
27096,0,676.0,576.0,0.0,3436.0,3116.0,13528.0,13512.0,2240.0
27097,0,668.0,576.0,0.0,3460.0,3104.0,13524.0,13520.0,2204.0
27098,0,688.0,576.0,0.0,3388.0,3112.0,13536.0,13500.0,2188.0
27099,0,680.0,560.0,0.0,3436.0,3124.0,13500.0,13520.0,2172.0
27100,0,676.0,548.0,0.0,3436.0,3128.0,13516.0,13532.0,2188.0
27101,0,676.0,552.0,0.0,3440.0,3120.0,13512.0,13508.0,2208.0
27102,0,696.0,592.0,0.0,3436.0,3120.0,13508.0,13516.0,2208.0
27103,0,676.0,560.0,0.0,3420.0,3120.0,13524.0,13504.0,2196.0
27104,0,672.0,568.0,0.0,3428.0,3108.0,13496.0,13536.0,2228.0
27105,0,668.0,540.0,0.0,3424.0,3128.0,13516.0,13524.0,2240.0
27106,0,684.0,560.0,0.0,3444.0,3124.0,13504.0,13516.0,2216.0
27107,0,684.0,560.0,0.0,3440.0,3124.0,13500.0,13536.0,2196.0
27108,0,680.0,560.0,0.0,3420.0,3124.0,13540.0,13520.0,2208.0
27109,0,680.0,576.0,0.0,3456.0,3116.0,13496.0,13512.0,2196.0
27110,0,684.0,580.0,0.0,3432.0,3136.0,13520.0,13524.0,2200.0
27111,0,696.0,572.0,0.0,3420.0,3128.0,13508.0,13516.0,2232.0
27112,0,680.0,572.0,0.0,3436.0,3136.0,13520.0,13516.0,2216.0
27113,0,676.0,560.0,0.0,3456.0,3108.0,13516.0,13492.0,2200.0
27114,0,672.0,560.0,0.0,3444.0,3124.0,13500.0,13492.0,2212.0
27115,0,688.0,584.0,0.0,3420.0,3136.0,13536.0,13500.0,2228.0
27116,0,676.0,564.0,0.0,3452.0,3128.0,13528.0,13508.0,2208.0
27117,0,688.0,592.0,0.0,3424.0,3140.0,13520.0,13520.0,2208.0
27118,0,688.0,560.0,0.0,3424.0,3136.0,13536.0,13524.0,2208.0
27119,0,680.0,564.0,0.0,3436.0,3136.0,13512.0,13528.0,2200.0
27120,0,712.0,576.0,0.0,3440.0,3128.0,13520.0,13544.0,2180.0
27121,0,700.0,576.0,0.0,3420.0,3120.0,13532.0,13500.0,2172.0
27122,0,672.0,560.0,0.0,3424.0,3100.0,13536.0,13508.0,2212.0
27123,0,672.0,560.0,0.0,3440.0,3116.0,13528.0,13484.0,2200.0
27124,0,684.0,584.0,0.0,3432.0,3136.0,13520.0,13520.0,2172.0
27125,0,672.0,560.0,0.0,3428.0,3116.0,13536.0,13540.0,2204.0
27126,0,688.0,576.0,0.0,3452.0,3132.0,13528.0,13536.0,2200.0
27127,0,636.0,572.0,0.0,3448.0,3136.0,13508.0,13516.0,2188.0
27128,0,684.0,576.0,0.0,3424.0,3100.0,13504.0,13484.0,2200.0
27129,0,668.0,560.0,0.0,3456.0,3116.0,13500.0,13524.0,2200.0
27130,0,684.0,540.0,0.0,3440.0,3140.0,13500.0,13524.0,2208.0
27131,0,672.0,564.0,0.0,3424.0,3128.0,13524.0,13508.0,2200.0
27132,0,696.0,564.0,0.0,3412.0,3116.0,13492.0,13500.0,2200.0
27133,0,676.0,572.0,0.0,3448.0,3116.0,13508.0,13512.0,2208.0
27134,0,672.0,576.0,0.0,3416.0,3112.0,13500.0,13500.0,2212.0
27135,0,676.0,568.0,0.0,3436.0,3136.0,13544.0,13512.0,2196.0
27136,0,696.0,560.0,0.0,3416.0,3128.0,13500.0,13500.0,2200.0
27137,0,692.0,568.0,0.0,3428.0,3144.0,13524.0,13536.0,2204.0
27138,0,660.0,580.0,0.0,3420.0,3152.0,13540.0,13516.0,2192.0
27139,0,676.0,568.0,0.0,3428.0,3144.0,13504.0,13528.0,2208.0
27140,0,684.0,540.0,0.0,3448.0,3100.0,13528.0,13528.0,2192.0
27141,0,660.0,540.0,0.0,3412.0,3108.0,13516.0,13524.0,2188.0
27142,0,636.0,564.0,0.0,3456.0,3136.0,13488.0,13500.0,2196.0
27143,0,688.0,548.0,0.0,3428.0,3120.0,13508.0,13508.0,2164.0
27144,0,688.0,572.0,0.0,3424.0,3136.0,13496.0,13476.0,2200.0
27145,0,688.0,560.0,0.0,3432.0,3108.0,13484.0,13508.0,2192.0
27146,0,692.0,556.0,0.0,3420.0,3136.0,13544.0,13504.0,2212.0
27147,0,664.0,560.0,0.0,3440.0,3100.0,13484.0,13484.0,2208.0
27148,0,700.0,560.0,0.0,3440.0,3120.0,13496.0,13508.0,2216.0
27149,0,704.0,576.0,0.0,3412.0,3120.0,13488.0,13544.0,2212.0
27150,0,656.0,564.0,0.0,3428.0,3120.0,13516.0,13516.0,2172.0
27151,0,700.0,540.0,0.0,3428.0,3132.0,13528.0,13520.0,2180.0
27152,0,688.0,584.0,0.0,3432.0,3112.0,13520.0,13528.0,2208.0
27153,0,672.0,564.0,0.0,3424.0,3120.0,13528.0,13528.0,2212.0
27154,0,672.0,568.0,0.0,3448.0,3136.0,13524.0,13500.0,2212.0
27155,0,668.0,568.0,0.0,3424.0,3116.0,13508.0,13536.0,2204.0
27156,0,668.0,568.0,0.0,3440.0,3136.0,13512.0,13536.0,2188.0
27157,0,668.0,568.0,0.0,3428.0,3116.0,13524.0,13536.0,2204.0
27158,0,688.0,572.0,0.0,3436.0,3116.0,13532.0,13500.0,2172.0
27159,0,704.0,572.0,0.0,3432.0,3116.0,13528.0,13540.0,2192.0
27160,0,668.0,576.0,0.0,3424.0,3108.0,13524.0,13500.0,2208.0
27161,0,704.0,560.0,0.0,3412.0,3120.0,13532.0,13504.0,2184.0
27162,0,668.0,584.0,0.0,3440.0,3116.0,13520.0,13496.0,2192.0
27163,0,704.0,568.0,0.0,3432.0,3120.0,13504.0,13516.0,2180.0
27164,0,648.0,560.0,0.0,3440.0,3116.0,13512.0,13508.0,2188.0
27165,0,688.0,580.0,0.0,3448.0,3084.0,13536.0,13524.0,2200.0
27166,0,676.0,540.0,0.0,3432.0,3100.0,13512.0,13500.0,2212.0
27167,0,688.0,556.0,0.0,3412.0,3136.0,13536.0,13504.0,2204.0
27168,0,676.0,540.0,0.0,3444.0,3120.0,13512.0,13508.0,2200.0
27169,0,668.0,568.0,0.0,3432.0,3112.0,13500.0,13484.0,2208.0
27170,0,688.0,576.0,0.0,3436.0,3104.0,13520.0,13520.0,2208.0
27171,0,656.0,564.0,0.0,3420.0,3124.0,13536.0,13516.0,2200.0
27172,0,656.0,568.0,0.0,3436.0,3128.0,13488.0,13508.0,2196.0
27173,0,692.0,568.0,0.0,3444.0,3116.0,13536.0,13524.0,2196.0
27174,0,668.0,548.0,0.0,3416.0,3104.0,13520.0,13520.0,2204.0
27175,0,660.0,568.0,0.0,3424.0,3120.0,13500.0,13516.0,2212.0
27176,0,672.0,552.0,0.0,3420.0,3116.0,13504.0,13528.0,2212.0
27177,0,696.0,576.0,0.0,3436.0,3136.0,13528.0,13524.0,2188.0
27178,0,680.0,540.0,0.0,3432.0,3116.0,13508.0,13516.0,2192.0
27179,0,684.0,568.0,0.0,3420.0,3132.0,13544.0,13536.0,2196.0
27180,0,704.0,548.0,0.0,3456.0,3116.0,13528.0,13504.0,2184.0
27181,0,684.0,572.0,0.0,3436.0,3116.0,13520.0,13520.0,2216.0
27182,0,696.0,564.0,0.0,3440.0,3116.0,13536.0,13520.0,2184.0
27183,0,676.0,568.0,0.0,3432.0,3108.0,13492.0,13512.0,2224.0
27184,0,660.0,548.0,0.0,3436.0,3092.0,13516.0,13536.0,2204.0
27185,0,684.0,560.0,0.0,3444.0,3120.0,13536.0,13508.0,2200.0
27186,0,668.0,592.0,0.0,3444.0,3124.0,13528.0,13500.0,2200.0
27187,0,664.0,560.0,0.0,3456.0,3132.0,13520.0,13512.0,2204.0
27188,0,696.0,572.0,0.0,3432.0,3124.0,13540.0,13528.0,2208.0
27189,0,676.0,564.0,0.0,3436.0,3100.0,13512.0,13504.0,2212.0
27190,0,696.0,552.0,0.0,3432.0,3120.0,13536.0,13512.0,2228.0
27191,0,672.0,576.0,0.0,3444.0,3108.0,13516.0,13520.0,2192.0
27192,0,668.0,576.0,0.0,3416.0,3128.0,13520.0,13520.0,2208.0
27193,0,680.0,540.0,0.0,3424.0,3104.0,13516.0,13548.0,2192.0
27194,0,664.0,568.0,0.0,3428.0,3120.0,13500.0,13536.0,2200.0
27195,0,672.0,572.0,0.0,3440.0,3120.0,13516.0,13520.0,2192.0
27196,0,656.0,552.0,0.0,3440.0,3136.0,13504.0,13552.0,2208.0
27197,0,704.0,576.0,0.0,3444.0,3120.0,13528.0,13532.0,2192.0
27198,0,672.0,548.0,0.0,3432.0,3120.0,13500.0,13512.0,2208.0
27199,0,652.0,560.0,0.0,3420.0,3124.0,13536.0,13536.0,2212.0
27200,0,652.0,564.0,0.0,3412.0,3136.0,13532.0,13484.0,2196.0
27201,0,704.0,568.0,0.0,3444.0,3144.0,13568.0,13516.0,2200.0
27202,0,656.0,572.0,0.0,3456.0,3096.0,13536.0,13520.0,2224.0
27203,0,684.0,584.0,0.0,3424.0,3144.0,13512.0,13512.0,2172.0
27204,0,656.0,548.0,0.0,3452.0,3092.0,13528.0,13492.0,2184.0
27205,0,676.0,568.0,0.0,3428.0,3124.0,13524.0,13516.0,2208.0
27206,0,668.0,568.0,0.0,3420.0,3108.0,13544.0,13520.0,2172.0
27207,0,688.0,560.0,0.0,3420.0,3112.0,13536.0,13520.0,2200.0
27208,0,676.0,564.0,0.0,3428.0,3140.0,13536.0,13536.0,2172.0
27209,0,676.0,580.0,0.0,3448.0,3136.0,13492.0,13500.0,2188.0
27210,0,652.0,572.0,0.0,3424.0,3124.0,13528.0,13516.0,2212.0
27211,0,684.0,556.0,0.0,3420.0,3108.0,13520.0,13516.0,2204.0
27212,0,668.0,576.0,0.0,3440.0,3132.0,13524.0,13508.0,2200.0
27213,0,664.0,556.0,0.0,3420.0,3100.0,13528.0,13520.0,2208.0
27214,0,692.0,552.0,0.0,3432.0,3120.0,13520.0,13536.0,2200.0
27215,0,676.0,564.0,0.0,3424.0,3116.0,13532.0,13528.0,2208.0
27216,0,664.0,564.0,0.0,3420.0,3108.0,13500.0,13536.0,2196.0
27217,0,648.0,560.0,0.0,3440.0,3136.0,13512.0,13516.0,2184.0
27218,0,668.0,544.0,0.0,3440.0,3124.0,13492.0,13520.0,2188.0
27219,0,660.0,576.0,0.0,3424.0,3112.0,13500.0,13520.0,2216.0
27220,0,692.0,576.0,0.0,3436.0,3084.0,13520.0,13524.0,2184.0
27221,0,676.0,568.0,0.0,3432.0,3112.0,13520.0,13500.0,2204.0
27222,0,688.0,552.0,0.0,3424.0,3116.0,13528.0,13524.0,2208.0
27223,0,672.0,556.0,0.0,3428.0,3120.0,13504.0,13508.0,2196.0
27224,0,668.0,540.0,0.0,3432.0,3116.0,13512.0,13492.0,2196.0
27225,0,688.0,556.0,0.0,3444.0,3132.0,13528.0,13500.0,2208.0
27226,0,668.0,564.0,0.0,3420.0,3116.0,13500.0,13516.0,2208.0
27227,0,676.0,540.0,0.0,3456.0,3136.0,13484.0,13512.0,2216.0
27228,0,660.0,556.0,0.0,3420.0,3108.0,13500.0,13512.0,2180.0
27229,0,692.0,556.0,0.0,3440.0,3116.0,13496.0,13504.0,2212.0
27230,0,712.0,552.0,0.0,3440.0,3112.0,13504.0,13528.0,2200.0
27231,0,672.0,568.0,0.0,3428.0,3144.0,13496.0,13520.0,2208.0
27232,0,696.0,564.0,0.0,3456.0,3120.0,13508.0,13524.0,2208.0
27233,0,668.0,560.0,0.0,3428.0,3116.0,13512.0,13524.0,2196.0
27234,0,688.0,560.0,0.0,3440.0,3100.0,13500.0,13512.0,2192.0
27235,0,692.0,560.0,0.0,3428.0,3116.0,13520.0,13500.0,2172.0
27236,0,668.0,568.0,0.0,3424.0,3112.0,13516.0,13516.0,2208.0
27237,0,704.0,556.0,0.0,3428.0,3116.0,13544.0,13536.0,2208.0
27238,0,688.0,576.0,0.0,3444.0,3096.0,13500.0,13504.0,2188.0
27239,0,676.0,540.0,0.0,3420.0,3108.0,13504.0,13508.0,2204.0
27240,0,688.0,556.0,0.0,3436.0,3100.0,13540.0,13500.0,2224.0
27241,0,680.0,576.0,0.0,3428.0,3120.0,13508.0,13500.0,2188.0
27242,0,680.0,572.0,0.0,3420.0,3124.0,13524.0,13528.0,2212.0
27243,0,676.0,576.0,0.0,3420.0,3108.0,13536.0,13504.0,2200.0
27244,0,668.0,576.0,0.0,3404.0,3088.0,13504.0,13508.0,2204.0
27245,0,668.0,564.0,0.0,3444.0,3128.0,13500.0,13516.0,2204.0
27246,0,684.0,560.0,0.0,3416.0,3096.0,13500.0,13536.0,2204.0
27247,0,680.0,572.0,0.0,3464.0,3120.0,13512.0,13520.0,2200.0
27248,0,704.0,576.0,0.0,3440.0,3100.0,13524.0,13536.0,2216.0
27249,0,668.0,540.0,0.0,3456.0,3088.0,13504.0,13516.0,2200.0
27250,0,696.0,576.0,0.0,3440.0,3096.0,13516.0,13524.0,2224.0
27251,0,688.0,572.0,0.0,3440.0,3112.0,13516.0,13528.0,2224.0
27252,0,668.0,572.0,0.0,3424.0,3096.0,13516.0,13532.0,2200.0
27253,0,676.0,568.0,0.0,3440.0,3104.0,13492.0,13520.0,2192.0
27254,0,676.0,576.0,0.0,3424.0,3096.0,13520.0,13528.0,2196.0
27255,0,648.0,584.0,0.0,3436.0,3092.0,13508.0,13524.0,2200.0
27256,0,664.0,564.0,0.0,3432.0,3120.0,13532.0,13568.0,2172.0
27257,0,652.0,576.0,0.0,3452.0,3092.0,13516.0,13508.0,2240.0
27258,0,672.0,596.0,0.0,3452.0,3092.0,13512.0,13512.0,2224.0
27259,0,672.0,540.0,0.0,3444.0,3092.0,13532.0,13516.0,2228.0
27260,0,704.0,580.0,0.0,3432.0,3104.0,13524.0,13504.0,2196.0
27261,0,680.0,588.0,0.0,3456.0,3092.0,13532.0,13532.0,2196.0
27262,0,676.0,608.0,0.0,3448.0,3088.0,13532.0,13536.0,2196.0
27263,92,664.0,592.0,0.0,3444.0,3064.0,13516.0,13508.0,2192.0
27264,92,660.0,572.0,0.0,3432.0,3064.0,13516.0,13528.0,2192.0
27265,92,668.0,556.0,0.0,3452.0,3060.0,13544.0,13516.0,2188.0
27266,92,660.0,588.0,0.0,3480.0,3096.0,13524.0,13532.0,2208.0
27267,92,696.0,608.0,0.0,3440.0,3068.0,13524.0,13508.0,2212.0
27268,92,700.0,596.0,0.0,3440.0,3080.0,13540.0,13536.0,2208.0
27269,92,688.0,572.0,0.0,3448.0,3052.0,13512.0,13484.0,2180.0
27270,92,664.0,608.0,0.0,3436.0,3072.0,13496.0,13516.0,2196.0
27271,92,680.0,592.0,0.0,3476.0,3052.0,13496.0,13496.0,2196.0
27272,92,696.0,616.0,0.0,3460.0,3068.0,13520.0,13540.0,2192.0
27273,92,688.0,612.0,0.0,3452.0,3056.0,13536.0,13548.0,2188.0
27274,92,680.0,596.0,0.0,3468.0,3080.0,13536.0,13520.0,2208.0
27275,92,700.0,608.0,0.0,3460.0,3080.0,13520.0,13500.0,2208.0
27276,92,688.0,608.0,0.0,3468.0,3080.0,13512.0,13512.0,2204.0
27277,92,656.0,592.0,0.0,3452.0,3084.0,13500.0,13520.0,2176.0
27278,92,668.0,604.0,0.0,3468.0,3072.0,13528.0,13520.0,2204.0
27279,92,668.0,600.0,0.0,3444.0,3052.0,13540.0,13520.0,2192.0
27280,92,664.0,588.0,0.0,3488.0,3088.0,13516.0,13512.0,2200.0
27281,92,700.0,608.0,0.0,3460.0,3076.0,13516.0,13500.0,2224.0
27282,92,676.0,572.0,0.0,3468.0,3068.0,13500.0,13500.0,2204.0
27283,92,672.0,608.0,0.0,3456.0,3064.0,13500.0,13532.0,2204.0
27284,92,652.0,616.0,0.0,3468.0,3048.0,13520.0,13500.0,2200.0
27285,92,668.0,624.0,0.0,3504.0,3060.0,13504.0,13516.0,2240.0
27286,92,696.0,588.0,0.0,3496.0,3072.0,13524.0,13548.0,2204.0
27287,92,704.0,604.0,0.0,3476.0,3076.0,13504.0,13524.0,2200.0
27288,92,684.0,624.0,0.0,3468.0,3064.0,13540.0,13520.0,2200.0
27289,92,680.0,600.0,0.0,3476.0,3068.0,13516.0,13500.0,2200.0
27290,92,692.0,616.0,0.0,3488.0,3076.0,13500.0,13516.0,2200.0
27291,92,692.0,604.0,0.0,3484.0,3068.0,13548.0,13512.0,2196.0
27292,92,688.0,612.0,0.0,3484.0,3076.0,13544.0,13532.0,2200.0
27293,92,712.0,620.0,0.0,3492.0,3072.0,13528.0,13516.0,2208.0
27294,92,688.0,604.0,0.0,3480.0,3084.0,13500.0,13520.0,2196.0
27295,92,684.0,612.0,0.0,3452.0,3104.0,13544.0,13500.0,2208.0
27296,92,700.0,604.0,0.0,3480.0,3056.0,13496.0,13552.0,2208.0
27297,92,696.0,620.0,0.0,3492.0,3072.0,13524.0,13528.0,2188.0
27298,92,684.0,616.0,0.0,3468.0,3076.0,13532.0,13504.0,2188.0
27299,92,712.0,620.0,0.0,3480.0,3088.0,13512.0,13536.0,2200.0
27300,92,672.0,624.0,0.0,3484.0,3052.0,13512.0,13516.0,2204.0
27301,92,688.0,632.0,0.0,3476.0,3064.0,13508.0,13520.0,2216.0
27302,92,708.0,624.0,0.0,3488.0,3084.0,13524.0,13536.0,2192.0
27303,92,684.0,632.0,0.0,3484.0,3072.0,13512.0,13524.0,2208.0
27304,92,692.0,612.0,0.0,3496.0,3060.0,13500.0,13520.0,2208.0
27305,92,668.0,608.0,0.0,3480.0,3068.0,13520.0,13500.0,2192.0
27306,92,688.0,620.0,0.0,3504.0,3092.0,13532.0,13520.0,2216.0
27307,92,692.0,612.0,0.0,3500.0,3100.0,13500.0,13500.0,2232.0
27308,92,692.0,624.0,0.0,3452.0,3060.0,13508.0,13500.0,2208.0
27309,92,708.0,624.0,0.0,3496.0,3068.0,13516.0,13508.0,2240.0
27310,92,668.0,608.0,0.0,3504.0,3056.0,13516.0,13504.0,2208.0
27311,92,688.0,640.0,0.0,3504.0,3064.0,13536.0,13496.0,2172.0
27312,92,704.0,620.0,0.0,3496.0,3076.0,13532.0,13544.0,2204.0
27313,92,704.0,636.0,0.0,3468.0,3088.0,13532.0,13504.0,2196.0
27314,92,680.0,604.0,0.0,3508.0,3088.0,13500.0,13516.0,2212.0
27315,92,668.0,648.0,0.0,3512.0,3092.0,13536.0,13520.0,2180.0
27316,92,684.0,636.0,0.0,3500.0,3076.0,13520.0,13520.0,2208.0
27317,92,712.0,640.0,0.0,3512.0,3088.0,13500.0,13496.0,2224.0
27318,92,684.0,628.0,0.0,3488.0,3072.0,13488.0,13520.0,2212.0
27319,92,696.0,628.0,0.0,3516.0,3084.0,13500.0,13504.0,2216.0
27320,92,708.0,628.0,0.0,3512.0,3080.0,13568.0,13524.0,2204.0
27321,92,716.0,636.0,0.0,3508.0,3076.0,13500.0,13528.0,2200.0
27322,92,700.0,648.0,0.0,3484.0,3052.0,13500.0,13500.0,2240.0
27323,92,692.0,604.0,0.0,3516.0,3060.0,13528.0,13504.0,2212.0
27324,92,696.0,628.0,0.0,3528.0,3080.0,13540.0,13536.0,2212.0
27325,92,704.0,648.0,0.0,3520.0,3068.0,13516.0,13520.0,2208.0
27326,92,684.0,644.0,0.0,3508.0,3080.0,13536.0,13504.0,2208.0
27327,92,716.0,640.0,0.0,3532.0,3092.0,13520.0,13512.0,2200.0
27328,92,696.0,640.0,0.0,3520.0,3052.0,13528.0,13504.0,2188.0
27329,92,660.0,624.0,0.0,3512.0,3056.0,13500.0,13500.0,2216.0
27330,92,704.0,648.0,0.0,3508.0,3084.0,13536.0,13532.0,2200.0
27331,92,712.0,628.0,0.0,3500.0,3072.0,13536.0,13540.0,2200.0
27332,92,696.0,636.0,0.0,3512.0,3084.0,13500.0,13516.0,2220.0
27333,92,704.0,616.0,0.0,3544.0,3088.0,13508.0,13536.0,2212.0
27334,92,700.0,632.0,0.0,3516.0,3076.0,13528.0,13500.0,2204.0
27335,92,712.0,640.0,0.0,3508.0,3084.0,13508.0,13528.0,2204.0
27336,92,724.0,636.0,0.0,3524.0,3088.0,13540.0,13524.0,2208.0
27337,92,672.0,672.0,0.0,3528.0,3076.0,13508.0,13508.0,2208.0
27338,92,688.0,636.0,0.0,3504.0,3084.0,13536.0,13524.0,2216.0
27339,92,736.0,648.0,0.0,3552.0,3052.0,13500.0,13528.0,2216.0
27340,92,700.0,632.0,0.0,3532.0,3064.0,13504.0,13484.0,2204.0
27341,92,712.0,656.0,0.0,3540.0,3088.0,13500.0,13500.0,2204.0
27342,92,692.0,628.0,0.0,3524.0,3052.0,13500.0,13520.0,2208.0
27343,92,700.0,640.0,0.0,3512.0,3060.0,13516.0,13536.0,2208.0
27344,92,676.0,652.0,0.0,3500.0,3076.0,13540.0,13508.0,2196.0
27345,92,716.0,640.0,0.0,3540.0,3072.0,13508.0,13520.0,2200.0
27346,92,728.0,640.0,0.0,3532.0,3084.0,13516.0,13544.0,2204.0
27347,92,700.0,644.0,0.0,3516.0,3088.0,13516.0,13520.0,2208.0
27348,92,668.0,620.0,0.0,3516.0,3088.0,13516.0,13500.0,2212.0
27349,92,684.0,652.0,0.0,3540.0,3112.0,13504.0,13520.0,2192.0
27350,92,712.0,656.0,0.0,3516.0,3068.0,13520.0,13528.0,2188.0
27351,92,708.0,636.0,0.0,3512.0,3052.0,13500.0,13484.0,2208.0
27352,92,712.0,648.0,0.0,3544.0,3072.0,13500.0,13500.0,2208.0
27353,92,704.0,664.0,0.0,3540.0,3084.0,13520.0,13536.0,2192.0
27354,92,700.0,644.0,0.0,3552.0,3064.0,13500.0,13520.0,2228.0
27355,92,704.0,656.0,0.0,3532.0,3068.0,13504.0,13524.0,2180.0
27356,92,712.0,648.0,0.0,3524.0,3068.0,13516.0,13536.0,2196.0
27357,92,704.0,664.0,0.0,3536.0,3072.0,13532.0,13520.0,2204.0
27358,92,700.0,628.0,0.0,3536.0,3088.0,13500.0,13520.0,2192.0
27359,92,724.0,664.0,0.0,3536.0,3052.0,13520.0,13484.0,2212.0
27360,92,716.0,660.0,0.0,3528.0,3112.0,13520.0,13508.0,2204.0
27361,92,728.0,648.0,0.0,3536.0,3104.0,13504.0,13508.0,2212.0
27362,92,720.0,632.0,0.0,3532.0,3088.0,13532.0,13544.0,2200.0
27363,92,712.0,656.0,0.0,3516.0,3092.0,13532.0,13512.0,2196.0
27364,92,712.0,640.0,0.0,3544.0,3072.0,13528.0,13500.0,2240.0
27365,92,720.0,660.0,0.0,3520.0,3084.0,13532.0,13520.0,2204.0
27366,92,696.0,652.0,0.0,3544.0,3088.0,13528.0,13508.0,2208.0
27367,92,692.0,636.0,0.0,3536.0,3076.0,13536.0,13500.0,2200.0
27368,92,728.0,636.0,0.0,3536.0,3068.0,13516.0,13520.0,2200.0
27369,92,720.0,652.0,0.0,3540.0,3084.0,13528.0,13536.0,2204.0
27370,92,708.0,656.0,0.0,3568.0,3104.0,13500.0,13516.0,2204.0
27371,92,716.0,656.0,0.0,3544.0,3092.0,13512.0,13536.0,2196.0
27372,92,720.0,664.0,0.0,3564.0,3096.0,13516.0,13520.0,2212.0
27373,92,692.0,636.0,0.0,3544.0,3100.0,13516.0,13508.0,2200.0
27374,92,696.0,668.0,0.0,3516.0,3068.0,13516.0,13500.0,2208.0
27375,92,700.0,704.0,0.0,3540.0,3092.0,13512.0,13512.0,2196.0
27376,92,724.0,644.0,0.0,3568.0,3084.0,13524.0,13536.0,2216.0
27377,92,712.0,640.0,0.0,3572.0,3068.0,13500.0,13528.0,2208.0
27378,92,732.0,656.0,0.0,3572.0,3080.0,13540.0,13520.0,2224.0
27379,92,728.0,672.0,0.0,3552.0,3080.0,13536.0,13552.0,2224.0
27380,92,740.0,632.0,0.0,3564.0,3096.0,13512.0,13500.0,2204.0
27381,92,744.0,668.0,0.0,3564.0,3108.0,13524.0,13532.0,2208.0
27382,92,716.0,668.0,0.0,3572.0,3116.0,13500.0,13512.0,2224.0
27383,92,712.0,656.0,0.0,3584.0,3112.0,13520.0,13520.0,2224.0
27384,92,732.0,636.0,0.0,3564.0,3120.0,13532.0,13552.0,2204.0
27385,92,724.0,652.0,0.0,3576.0,3132.0,13508.0,13500.0,2196.0
27386,92,720.0,664.0,0.0,3584.0,3112.0,13524.0,13520.0,2204.0
27387,92,720.0,652.0,0.0,3564.0,3140.0,13528.0,13508.0,2192.0
27388,92,724.0,664.0,0.0,3576.0,3116.0,13516.0,13516.0,2196.0
27389,92,720.0,656.0,0.0,3584.0,3128.0,13516.0,13532.0,2184.0
27390,92,716.0,648.0,0.0,3584.0,3148.0,13504.0,13516.0,2228.0
27391,92,752.0,656.0,0.0,3576.0,3116.0,13504.0,13520.0,2204.0
27392,92,712.0,656.0,0.0,3564.0,3140.0,13520.0,13532.0,2188.0
27393,92,736.0,676.0,0.0,3568.0,3128.0,13516.0,13524.0,2224.0
27394,92,700.0,672.0,0.0,3576.0,3124.0,13524.0,13516.0,2196.0
27395,92,732.0,660.0,0.0,3584.0,3132.0,13512.0,13516.0,2204.0
27396,92,744.0,672.0,0.0,3548.0,3120.0,13544.0,13536.0,2188.0
27397,92,728.0,704.0,0.0,3580.0,3136.0,13520.0,13540.0,2204.0
27398,92,744.0,640.0,0.0,3564.0,3132.0,13516.0,13508.0,2208.0
27399,92,736.0,648.0,0.0,3568.0,3128.0,13528.0,13516.0,2188.0
27400,92,732.0,652.0,0.0,3584.0,3128.0,13512.0,13532.0,2208.0
27401,92,724.0,664.0,0.0,3584.0,3124.0,13524.0,13528.0,2240.0
27402,92,740.0,668.0,0.0,3584.0,3120.0,13520.0,13496.0,2204.0
27403,92,728.0,668.0,0.0,3576.0,3136.0,13520.0,13500.0,2188.0
27404,92,728.0,668.0,0.0,3600.0,3100.0,13544.0,13512.0,2200.0
27405,92,700.0,668.0,0.0,3584.0,3136.0,13524.0,13548.0,2200.0
27406,92,736.0,652.0,0.0,3576.0,3132.0,13516.0,13532.0,2216.0
27407,92,728.0,652.0,0.0,3576.0,3140.0,13532.0,13528.0,2224.0
27408,92,728.0,688.0,0.0,3580.0,3144.0,13520.0,13532.0,2212.0
27409,92,724.0,676.0,0.0,3588.0,3148.0,13520.0,13500.0,2196.0
27410,92,756.0,660.0,0.0,3588.0,3168.0,13496.0,13552.0,2228.0
27411,92,716.0,636.0,0.0,3564.0,3132.0,13536.0,13524.0,2224.0
27412,92,720.0,656.0,0.0,3596.0,3168.0,13500.0,13520.0,2192.0
27413,92,728.0,656.0,0.0,3572.0,3124.0,13536.0,13512.0,2204.0
27414,92,736.0,660.0,0.0,3572.0,3136.0,13520.0,13536.0,2224.0
27415,92,736.0,660.0,0.0,3564.0,3132.0,13516.0,13528.0,2204.0
27416,92,716.0,672.0,0.0,3556.0,3124.0,13500.0,13512.0,2220.0
27417,92,728.0,652.0,0.0,3564.0,3140.0,13500.0,13544.0,2204.0
27418,92,736.0,668.0,0.0,3576.0,3144.0,13492.0,13516.0,2224.0
27419,92,736.0,652.0,0.0,3568.0,3128.0,13516.0,13520.0,2208.0
27420,92,736.0,668.0,0.0,3576.0,3168.0,13512.0,13516.0,2208.0
27421,92,728.0,672.0,0.0,3576.0,3116.0,13544.0,13528.0,2216.0
27422,92,748.0,652.0,0.0,3592.0,3128.0,13516.0,13528.0,2208.0
27423,92,728.0,672.0,0.0,3576.0,3132.0,13516.0,13508.0,2200.0
27424,92,724.0,660.0,0.0,3568.0,3132.0,13516.0,13532.0,2216.0
27425,92,716.0,656.0,0.0,3564.0,3168.0,13524.0,13508.0,2208.0
27426,92,728.0,668.0,0.0,3584.0,3144.0,13492.0,13496.0,2224.0
27427,92,764.0,644.0,0.0,3572.0,3120.0,13500.0,13532.0,2212.0
27428,92,752.0,676.0,0.0,3560.0,3148.0,13520.0,13524.0,2216.0
27429,92,724.0,656.0,0.0,3548.0,3156.0,13532.0,13504.0,2204.0
27430,92,724.0,704.0,0.0,3560.0,3152.0,13508.0,13520.0,2212.0
27431,92,728.0,688.0,0.0,3584.0,3144.0,13528.0,13500.0,2240.0
27432,92,752.0,636.0,0.0,3564.0,3148.0,13496.0,13500.0,2208.0
27433,92,720.0,660.0,0.0,3584.0,3136.0,13516.0,13528.0,2200.0
27434,92,724.0,660.0,0.0,3564.0,3120.0,13500.0,13516.0,2204.0
27435,92,732.0,652.0,0.0,3588.0,3140.0,13500.0,13524.0,2204.0
27436,92,732.0,656.0,0.0,3584.0,3152.0,13504.0,13520.0,2188.0
27437,92,748.0,648.0,0.0,3584.0,3128.0,13508.0,13544.0,2212.0
27438,92,712.0,656.0,0.0,3572.0,3128.0,13508.0,13500.0,2204.0
27439,92,700.0,648.0,0.0,3576.0,3156.0,13520.0,13520.0,2204.0
27440,92,736.0,680.0,0.0,3576.0,3152.0,13544.0,13492.0,2192.0
27441,92,748.0,660.0,0.0,3564.0,3136.0,13524.0,13516.0,2200.0
27442,92,716.0,668.0,0.0,3576.0,3164.0,13524.0,13516.0,2204.0
27443,92,740.0,672.0,0.0,3584.0,3144.0,13512.0,13516.0,2216.0
27444,92,732.0,648.0,0.0,3572.0,3136.0,13516.0,13536.0,2208.0
27445,92,728.0,656.0,0.0,3588.0,3132.0,13516.0,13516.0,2224.0
27446,92,768.0,656.0,0.0,3572.0,3136.0,13520.0,13516.0,2204.0
27447,92,724.0,668.0,0.0,3572.0,3136.0,13520.0,13540.0,2224.0
27448,92,728.0,652.0,0.0,3572.0,3144.0,13552.0,13508.0,2212.0
27449,92,740.0,660.0,0.0,3560.0,3128.0,13492.0,13512.0,2192.0
27450,92,720.0,672.0,0.0,3556.0,3116.0,13524.0,13528.0,2220.0
27451,92,732.0,656.0,0.0,3548.0,3140.0,13492.0,13552.0,2220.0
27452,92,744.0,644.0,0.0,3576.0,3140.0,13548.0,13540.0,2200.0
27453,92,720.0,652.0,0.0,3564.0,3152.0,13516.0,13532.0,2204.0
27454,92,712.0,672.0,0.0,3584.0,3140.0,13500.0,13500.0,2224.0
27455,92,744.0,652.0,0.0,3592.0,3136.0,13552.0,13512.0,2208.0
27456,92,712.0,676.0,0.0,3564.0,3124.0,13532.0,13508.0,2192.0
27457,92,748.0,672.0,0.0,3584.0,3144.0,13512.0,13508.0,2188.0
27458,92,736.0,688.0,0.0,3564.0,3112.0,13516.0,13512.0,2204.0
27459,92,760.0,668.0,0.0,3584.0,3152.0,13520.0,13496.0,2208.0
27460,92,752.0,652.0,0.0,3576.0,3156.0,13504.0,13536.0,2204.0
27461,92,700.0,656.0,0.0,3568.0,3124.0,13512.0,13528.0,2200.0
27462,92,728.0,636.0,0.0,3572.0,3168.0,13508.0,13528.0,2228.0
27463,92,732.0,656.0,0.0,3568.0,3116.0,13492.0,13528.0,2212.0
27464,92,736.0,660.0,0.0,3600.0,3136.0,13500.0,13532.0,2188.0
27465,92,732.0,668.0,0.0,3564.0,3124.0,13516.0,13500.0,2228.0
27466,92,728.0,664.0,0.0,3544.0,3152.0,13500.0,13516.0,2192.0
27467,92,744.0,680.0,0.0,3568.0,3124.0,13512.0,13492.0,2200.0
27468,92,748.0,668.0,0.0,3580.0,3136.0,13516.0,13500.0,2208.0
27469,92,728.0,664.0,0.0,3580.0,3132.0,13516.0,13524.0,2188.0
